{
    "accuracy": 0.57,
    "precision": 0.5142857142857142,
    "recall": 0.4090909090909091,
    "auc": 0.5941558441558441
}